passive_land,Bat,bat,reward0_verycommon,,
passive_land,Chicken,chicken,reward0_verycommon,,
passive_land,Cow,cow,reward0_verycommon,,
passive_land,Donkey,donkey,reward0_verycommon,,
passive_land,Fox,fox,reward0_verycommon,,
passive_land,Horse,horse,reward0_verycommon,,
passive_land,Mooshroom,mooshroom,reward3_rare,,
passive_land,Mule,mule,reward0_verycommon,,
passive_land,Ocelot,ocelot,reward0_verycommon,,
passive_land,Parrot,parrot,reward0_verycommon,,
passive_land,Pig,pig,reward0_verycommon,,
passive_land,Rabbit,rabbit,reward0_verycommon,,
passive_land,Sheep,sheep,reward0_verycommon,,
passive_land,Skeleton Horse,skeleton_horse,reward3_rare,,
passive_land,Snow Golem,snow_golem,reward2_uncommon,jack_o_lantern,
passive_land,Strider,strider,reward1_common,,
passive_land,Turtle,turtle,reward0_verycommon,,
passive_aqua,Axolotl,axolotl,reward2_uncommon,,
passive_aqua,Cod,cod,reward0_verycommon,,
passive_aqua,Glow Squid,glow_squid,reward1_common,,
passive_aqua,Pufferfish,pufferfish,reward0_verycommon,,
passive_aqua,Salmon,salmon,reward0_verycommon,,
passive_aqua,Squid,squid,reward0_verycommon,,
passive_aqua,Tropical Fish,tropical_fish,reward0_verycommon,,
neutral,Cave Spider,cave_spider,reward0_verycommon,,
neutral,Dolphin,dolphin,reward0_verycommon,,
neutral,Enderman,enderman,reward0_verycommon,,
neutral,Goat,goat,reward0_verycommon,,
neutral,Llama,llama,reward0_verycommon,,
neutral,Panda,panda,reward3_rare,,
neutral,Piglin,piglin,reward0_verycommon,,
neutral,Polar Bear,polar_bear,reward0_verycommon,,
neutral,Spider,spider,reward0_verycommon,,
neutral,Wolf,wolf,reward0_verycommon,,
neutral,Zombified Piglin,zombified_piglin,reward0_verycommon,,
hostile,Blaze,blaze,reward0_verycommon,,
hostile,Creeper,creeper,reward0_verycommon,,
hostile,Drowned,drowned,reward0_verycommon,,
hostile,Elder Guardian,elder_guardian,reward2_uncommon,,
hostile,Endermite,endermite,reward2_uncommon,,
hostile,Evoker,evoker,reward2_uncommon,,
hostile,Ghast,ghast,reward0_verycommon,,
hostile,Guardian,guardian,reward1_common,,
hostile,Hoglin,hoglin,reward0_verycommon,,
hostile,Husk,husk,reward0_verycommon,,
hostile,Phantom,phantom,reward1_common,,
hostile,Piglin Brute,piglin_brute,reward1_common,,
hostile,Pillager,pillager,reward0_verycommon,,
hostile,Ravager,ravager,reward2_uncommon,,
hostile,Shulker,shulker,reward1_common,,
hostile,Silverfish,silverfish,reward1_common,,
hostile,Skeleton,skeleton,reward0_verycommon,,
hostile,Slime,slime,reward0_verycommon,,
hostile,Stray,stray,reward0_verycommon,,
hostile,Vex,vex,reward3_rare,,
hostile,Vindicator,vindicator,reward2_uncommon,,
hostile,Witch,witch,reward1_common,,
hostile,Wither Skeleton,wither_skeleton,reward1_common,,
hostile,Zoglin,zoglin,reward2_uncommon,,
hostile,Zombie,zombie,reward0_verycommon,,
hostile,Zombie Villager,zombie_villager,reward2_uncommon,,
boss,Ender Dragon,ender_dragon,reward4_veryrare,dragon_egg,
boss,Wither,wither,reward4_veryrare,wither_rose,
hostile,Amethyst Golem,amethyst_golem,reward2_uncommon,spawn_amethyst_golem,adventurez
boss,Blackstone Golem,stone_golem,reward4_veryrare,spawn_stone_golem,adventurez
hostile,Blaze Guardian,blaze_guardian,reward2_uncommon,spawn_blaze_guardian,adventurez
neutral,Brown Fungus,brown_fungus,reward1_common,spawn_brown_fungus,adventurez
passive_land,Deer,deer,reward1_common,spawn_deer,adventurez
hostile,Desert Rhino,desert_rhino,reward2_uncommon,spawn_desert_rhino,adventurez
passive_land,Dragon,dragon,reward2_uncommon,spawn_dragon,adventurez
hostile,Enderwarthog,enderwarthog,reward2_uncommon,spawn_enderwarthog,adventurez
passive_land,Ender Whale,ender_whale,reward2_uncommon,spawn_ender_whale,adventurez
passive_land,Iguana,iguana,reward2_uncommon,spawn_iguana,adventurez
neutral,Mammoth,mammoth,reward1_common,spawn_mammoth,adventurez
hostile,Necromancer,necromancer,reward2_uncommon,spawn_necromancer,adventurez
passive_land,Nightmare,nightmare,reward2_uncommon,spawn_nightmare,adventurez
hostile,Orc,orc,reward2_uncommon,spawn_orc,adventurez
hostile,Piglin Beast,piglin_beast,reward2_uncommon,spawn_piglin_beast,adventurez
neutral,Red Fungus,red_fungus,reward1_common,spawn_red_fungus,adventurez
hostile,Shaman,shaman,reward2_uncommon,spawn_shaman,adventurez
hostile,Skeleton Vanguard,skeleton_vanguard,reward2_uncommon,spawn_skeleton_vanguard,adventurez
hostile,Soul Reaper,soul_reaper,reward2_uncommon,spawn_soul_reaper,adventurez
hostile,Summoner,summoner,reward3_rare,spawn_summoner,adventurez
boss,The Eye,the_eye,reward4_veryrare,spawn_the_eye,adventurez
passive_aqua,Cubozoa,cubozoa,reward2_uncommon,spawn_egg_cubozoa,betterend
passive_land,Dragonfly,dragonfly,reward2_uncommon,spawn_egg_dragonfly,betterend
passive_aqua,End Fish,end_fish,reward2_uncommon,spawn_egg_end_fish,betterend
hostile,End Slime,end_slime,reward2_uncommon,spawn_egg_end_slime,betterend
hostile,Shadow Walker,shadow_walker,reward3_rare,spawn_egg_shadow_walker,betterend
passive_land,Silk Moth,silk_moth,reward3_rare,spawn_egg_silk_moth,betterend
passive_land,Goop,goop,reward2_uncommon,goop_spawn_egg,ce
neutral,Dripstone Tortoise,dripstone_tortoise,reward2_uncommon,dripstone_tortoise_spawn_egg,ce
hostile,Cruncher,cruncher,reward2_uncommon,cruncher_spawn_egg,ce